city,category,month,revenue,orders,avg_order_value
Jakarta,Electronics,2024-01,13210.62,77,171.57
Jakarta,Electronics,2024-02,12290.64,63,195.09
Jakarta,Electronics,2024-03,14904.22,86,173.3
Jakarta,Electronics,2024-04,15050.99,92,163.6
Jakarta,Electronics,2024-05,18621.32,102,182.56
Jakarta,Electronics,2024-06,16200.37,99,163.64
Jakarta,Electronics,2024-07,19674.91,116,169.61
Jakarta,Electronics,2024-08,15709.86,87,180.57
Jakarta,Electronics,2024-09,13725.72,79,173.74
Jakarta,Electronics,2024-10,16594.75,101,164.3
Jakarta,Electronics,2024-11,13885.91,81,171.43
Jakarta,Electronics,2024-12,11744.71,65,180.69
Jakarta,Apparel,2024-01,9453.55,56,168.81
Jakarta,Apparel,2024-02,13506.85,69,195.75
Jakarta,Apparel,2024-03,15544.25,91,170.82
Jakarta,Apparel,2024-04,15294.36,78,196.08
Jakarta,Apparel,2024-05,14254.08,86,165.75
Jakarta,Apparel,2024-06,14856.68,92,161.49
Jakarta,Apparel,2024-07,16453.17,92,178.84
Jakarta,Apparel,2024-08,14100.81,77,183.13
Jakarta,Apparel,2024-09,12329.84,69,178.69
Jakarta,Apparel,2024-10,13106.01,79,165.9
Jakarta,Apparel,2024-11,11004.99,57,193.07
Jakarta,Apparel,2024-12,11147.64,65,171.5
Jakarta,Home & Garden,2024-01,9877.25,54,182.91
Jakarta,Home & Garden,2024-02,9979.69,58,172.06
Jakarta,Home & Garden,2024-03,9658.74,50,193.17
Jakarta,Home & Garden,2024-04,9569.16,59,162.19
Jakarta,Home & Garden,2024-05,12646.99,77,164.25
Jakarta,Home & Garden,2024-06,11232.17,66,170.18
Jakarta,Home & Garden,2024-07,13738.09,75,183.17
Jakarta,Home & Garden,2024-08,9920.98,59,168.15
Jakarta,Home & Garden,2024-09,11912.77,72,165.46
Jakarta,Home & Garden,2024-10,10508.58,61,172.27
Jakarta,Home & Garden,2024-11,9298.89,54,172.2
Jakarta,Home & Garden,2024-12,9220.0,54,170.74
Jakarta,Beauty,2024-01,12438.25,67,185.65
Jakarta,Beauty,2024-02,11039.0,61,180.97
Jakarta,Beauty,2024-03,10406.56,61,170.6
Jakarta,Beauty,2024-04,13975.17,74,188.85
Jakarta,Beauty,2024-05,15623.38,84,185.99
Jakarta,Beauty,2024-06,14930.5,89,167.76
Jakarta,Beauty,2024-07,16559.31,97,170.71
Jakarta,Beauty,2024-08,13657.76,83,164.55
Jakarta,Beauty,2024-09,14029.67,85,165.05
Jakarta,Beauty,2024-10,10066.95,52,193.6
Jakarta,Beauty,2024-11,9136.09,49,186.45
Jakarta,Beauty,2024-12,11385.19,68,167.43
Jakarta,Sports,2024-01,7787.86,45,173.06
Jakarta,Sports,2024-02,8916.22,46,193.83
Jakarta,Sports,2024-03,9871.72,58,170.2
Jakarta,Sports,2024-04,10563.21,63,167.67
Jakarta,Sports,2024-05,11306.71,61,185.36
Jakarta,Sports,2024-06,11377.74,69,164.89
Jakarta,Sports,2024-07,11910.03,72,165.42
Jakarta,Sports,2024-08,11693.1,72,162.4
Jakarta,Sports,2024-09,8806.71,54,163.09
Jakarta,Sports,2024-10,9478.63,57,166.29
Jakarta,Sports,2024-11,8416.38,46,182.96
Jakarta,Sports,2024-12,7168.77,43,166.72
Jakarta,Books,2024-01,6114.58,32,191.08
Jakarta,Books,2024-02,7333.75,42,174.61
Jakarta,Books,2024-03,9551.01,53,180.21
Jakarta,Books,2024-04,8480.97,50,169.62
Jakarta,Books,2024-05,10597.22,60,176.62
Jakarta,Books,2024-06,10294.84,54,190.65
Jakarta,Books,2024-07,10096.46,51,197.97
Jakarta,Books,2024-08,8340.86,50,166.82
Jakarta,Books,2024-09,7337.47,44,166.76
Jakarta,Books,2024-10,7553.15,45,167.85
Jakarta,Books,2024-11,5989.7,34,176.17
Jakarta,Books,2024-12,7160.08,40,179.0
Jakarta,Food & Drink,2024-01,9237.14,51,181.12
Jakarta,Food & Drink,2024-02,7109.86,38,187.1
Jakarta,Food & Drink,2024-03,8944.67,46,194.45
Jakarta,Food & Drink,2024-04,9562.53,58,164.87
Jakarta,Food & Drink,2024-05,9627.12,56,171.91
Jakarta,Food & Drink,2024-06,11564.39,62,186.52
Jakarta,Food & Drink,2024-07,11588.73,63,183.95
Jakarta,Food & Drink,2024-08,8851.66,49,180.65
Jakarta,Food & Drink,2024-09,9672.05,51,189.65
Jakarta,Food & Drink,2024-10,9523.68,52,183.15
Jakarta,Food & Drink,2024-11,7316.0,43,170.14
Jakarta,Food & Drink,2024-12,7952.39,43,184.94
Bali,Electronics,2024-01,2493.54,17,146.68
Bali,Electronics,2024-02,2225.18,15,148.35
Bali,Electronics,2024-03,2460.66,14,175.76
Bali,Electronics,2024-04,3281.03,22,149.14
Bali,Electronics,2024-05,2891.85,17,170.11
Bali,Electronics,2024-06,3308.69,19,174.14
Bali,Electronics,2024-07,3248.52,21,154.69
Bali,Electronics,2024-08,2488.6,15,165.91
Bali,Electronics,2024-09,2732.47,15,182.16
Bali,Electronics,2024-10,2678.46,16,167.4
Bali,Electronics,2024-11,2215.31,12,184.61
Bali,Electronics,2024-12,2503.95,16,156.5
Bali,Apparel,2024-01,3958.13,22,179.91
Bali,Apparel,2024-02,4319.73,27,159.99
Bali,Apparel,2024-03,4251.88,27,157.48
Bali,Apparel,2024-04,4798.69,28,171.38
Bali,Apparel,2024-05,5497.0,36,152.69
Bali,Apparel,2024-06,4867.84,32,152.12
Bali,Apparel,2024-07,5436.52,33,164.74
Bali,Apparel,2024-08,5027.52,29,173.36
Bali,Apparel,2024-09,4972.35,29,171.46
Bali,Apparel,2024-10,4361.97,25,174.48
Bali,Apparel,2024-11,3229.58,19,169.98
Bali,Apparel,2024-12,3248.33,19,170.96
Bali,Home & Garden,2024-01,4574.32,29,157.74
Bali,Home & Garden,2024-02,4812.34,32,150.39
Bali,Home & Garden,2024-03,5488.09,31,177.04
Bali,Home & Garden,2024-04,6449.31,38,169.72
Bali,Home & Garden,2024-05,7915.91,49,161.55
Bali,Home & Garden,2024-06,5739.51,38,151.04
Bali,Home & Garden,2024-07,7851.21,53,148.14
Bali,Home & Garden,2024-08,6850.73,40,171.27
Bali,Home & Garden,2024-09,5050.28,32,157.82
Bali,Home & Garden,2024-10,5825.27,34,171.33
Bali,Home & Garden,2024-11,4561.54,27,168.95
Bali,Home & Garden,2024-12,5712.79,35,163.22
Bali,Beauty,2024-01,4319.62,25,172.78
Bali,Beauty,2024-02,4164.99,24,173.54
Bali,Beauty,2024-03,4793.15,32,149.79
Bali,Beauty,2024-04,5269.57,35,150.56
Bali,Beauty,2024-05,5118.45,34,150.54
Bali,Beauty,2024-06,5117.09,35,146.2
Bali,Beauty,2024-07,6344.49,37,171.47
Bali,Beauty,2024-08,5360.74,33,162.45
Bali,Beauty,2024-09,5411.32,37,146.25
Bali,Beauty,2024-10,4026.16,27,149.12
Bali,Beauty,2024-11,3876.31,24,161.51
Bali,Beauty,2024-12,4958.36,30,165.28
Bali,Sports,2024-01,3896.16,26,149.85
Bali,Sports,2024-02,4853.41,32,151.67
Bali,Sports,2024-03,5328.24,31,171.88
Bali,Sports,2024-04,5617.49,32,175.55
Bali,Sports,2024-05,6450.39,38,169.75
Bali,Sports,2024-06,5508.47,35,157.38
Bali,Sports,2024-07,6169.56,40,154.24
Bali,Sports,2024-08,4644.88,29,160.17
Bali,Sports,2024-09,4568.68,26,175.72
Bali,Sports,2024-10,4671.37,31,150.69
Bali,Sports,2024-11,4755.88,28,169.85
Bali,Sports,2024-12,4544.63,26,174.79
Bali,Books,2024-01,2723.23,15,181.55
Bali,Books,2024-02,2772.38,17,163.08
Bali,Books,2024-03,3578.0,23,155.57
Bali,Books,2024-04,3982.35,25,159.29
Bali,Books,2024-05,3942.22,27,146.01
Bali,Books,2024-06,4172.88,25,166.92
Bali,Books,2024-07,3884.11,25,155.36
Bali,Books,2024-08,3103.2,20,155.16
Bali,Books,2024-09,3030.93,18,168.38
Bali,Books,2024-10,3225.11,20,161.26
Bali,Books,2024-11,3156.42,20,157.82
Bali,Books,2024-12,3212.59,18,178.48
Bali,Food & Drink,2024-01,3615.69,21,172.18
Bali,Food & Drink,2024-02,4172.05,28,149.0
Bali,Food & Drink,2024-03,4614.83,27,170.92
Bali,Food & Drink,2024-04,4426.38,26,170.25
Bali,Food & Drink,2024-05,5504.94,32,172.03
Bali,Food & Drink,2024-06,4326.52,28,154.52
Bali,Food & Drink,2024-07,4544.15,27,168.3
Bali,Food & Drink,2024-08,4374.35,29,150.84
Bali,Food & Drink,2024-09,3997.04,27,148.04
Bali,Food & Drink,2024-10,3635.93,21,173.14
Bali,Food & Drink,2024-11,3434.95,22,156.13
Bali,Food & Drink,2024-12,2862.2,18,159.01
Surabaya,Electronics,2024-01,4186.78,27,155.07
Surabaya,Electronics,2024-02,3771.25,28,134.69
Surabaya,Electronics,2024-03,5068.32,35,144.81
Surabaya,Electronics,2024-04,5313.3,36,147.59
Surabaya,Electronics,2024-05,5964.38,47,126.9
Surabaya,Electronics,2024-06,5452.67,36,151.46
Surabaya,Electronics,2024-07,5057.25,36,140.48
Surabaya,Electronics,2024-08,5412.11,40,135.3
Surabaya,Electronics,2024-09,4812.99,36,133.69
Surabaya,Electronics,2024-10,4766.36,32,148.95
Surabaya,Electronics,2024-11,4485.38,31,144.69
Surabaya,Electronics,2024-12,3757.6,29,129.57
Surabaya,Apparel,2024-01,3990.26,28,142.51
Surabaya,Apparel,2024-02,3714.67,28,132.67
Surabaya,Apparel,2024-03,3387.74,23,147.29
Surabaya,Apparel,2024-04,3843.09,29,132.52
Surabaya,Apparel,2024-05,5054.72,34,148.67
Surabaya,Apparel,2024-06,4969.71,34,146.17
Surabaya,Apparel,2024-07,5406.37,38,142.27
Surabaya,Apparel,2024-08,4346.24,33,131.7
Surabaya,Apparel,2024-09,4366.08,29,150.55
Surabaya,Apparel,2024-10,3572.02,28,127.57
Surabaya,Apparel,2024-11,3833.99,28,136.93
Surabaya,Apparel,2024-12,3646.37,26,140.25
Surabaya,Home & Garden,2024-01,3975.05,31,128.23
Surabaya,Home & Garden,2024-02,3520.82,25,140.83
Surabaya,Home & Garden,2024-03,4503.7,30,150.12
Surabaya,Home & Garden,2024-04,5616.93,43,130.63
Surabaya,Home & Garden,2024-05,5117.82,37,138.32
Surabaya,Home & Garden,2024-06,6053.94,41,147.66
Surabaya,Home & Garden,2024-07,5295.09,40,132.38
Surabaya,Home & Garden,2024-08,4206.31,30,140.21
Surabaya,Home & Garden,2024-09,4616.26,36,128.23
Surabaya,Home & Garden,2024-10,4060.05,29,140.0
Surabaya,Home & Garden,2024-11,4409.68,34,129.7
Surabaya,Home & Garden,2024-12,3998.15,27,148.08
Surabaya,Beauty,2024-01,3590.3,28,128.22
Surabaya,Beauty,2024-02,3260.64,22,148.21
Surabaya,Beauty,2024-03,3530.5,26,135.79
Surabaya,Beauty,2024-04,4328.37,30,144.28
Surabaya,Beauty,2024-05,4518.82,35,129.11
Surabaya,Beauty,2024-06,4629.17,36,128.59
Surabaya,Beauty,2024-07,4414.3,30,147.14
Surabaya,Beauty,2024-08,4150.65,29,143.13
Surabaya,Beauty,2024-09,3441.99,26,132.38
Surabaya,Beauty,2024-10,3891.71,29,134.2
Surabaya,Beauty,2024-11,3584.47,26,137.86
Surabaya,Beauty,2024-12,3197.98,22,145.36
Surabaya,Sports,2024-01,2650.81,18,147.27
Surabaya,Sports,2024-02,3293.51,24,137.23
Surabaya,Sports,2024-03,3864.34,27,143.12
Surabaya,Sports,2024-04,4327.58,33,131.14
Surabaya,Sports,2024-05,3888.51,30,129.62
Surabaya,Sports,2024-06,4778.48,35,136.53
Surabaya,Sports,2024-07,3493.15,23,151.88
Surabaya,Sports,2024-08,4216.56,29,145.4
Surabaya,Sports,2024-09,3973.29,27,147.16
Surabaya,Sports,2024-10,3062.15,21,145.82
Surabaya,Sports,2024-11,3452.72,26,132.8
Surabaya,Sports,2024-12,2768.47,21,131.83
Surabaya,Books,2024-01,3127.37,24,130.31
Surabaya,Books,2024-02,3473.89,27,128.66
Surabaya,Books,2024-03,4839.1,38,127.34
Surabaya,Books,2024-04,5279.72,39,135.38
Surabaya,Books,2024-05,4663.02,36,129.53
Surabaya,Books,2024-06,5822.42,40,145.56
Surabaya,Books,2024-07,5454.41,43,126.85
Surabaya,Books,2024-08,4659.38,37,125.93
Surabaya,Books,2024-09,5218.12,36,144.95
Surabaya,Books,2024-10,4130.12,27,152.97
Surabaya,Books,2024-11,3423.9,25,136.96
Surabaya,Books,2024-12,4022.55,31,129.76
Surabaya,Food & Drink,2024-01,4972.22,39,127.49
Surabaya,Food & Drink,2024-02,5144.1,38,135.37
Surabaya,Food & Drink,2024-03,5748.53,42,136.87
Surabaya,Food & Drink,2024-04,5952.45,46,129.4
Surabaya,Food & Drink,2024-05,7102.93,49,144.96
Surabaya,Food & Drink,2024-06,5491.24,41,133.93
Surabaya,Food & Drink,2024-07,5399.94,36,150.0
Surabaya,Food & Drink,2024-08,5767.46,41,140.67
Surabaya,Food & Drink,2024-09,5129.49,38,134.99
Surabaya,Food & Drink,2024-10,4153.08,30,138.44
Surabaya,Food & Drink,2024-11,4052.31,28,144.73
Surabaya,Food & Drink,2024-12,4643.2,31,149.78
Bandung,Electronics,2024-01,1949.38,15,129.96
Bandung,Electronics,2024-02,2012.64,17,118.39
Bandung,Electronics,2024-03,2748.09,22,124.91
Bandung,Electronics,2024-04,2865.95,23,124.61
Bandung,Electronics,2024-05,2893.75,24,120.57
Bandung,Electronics,2024-06,2909.04,22,132.23
Bandung,Electronics,2024-07,2702.49,19,142.24
Bandung,Electronics,2024-08,2881.05,22,130.96
Bandung,Electronics,2024-09,2673.46,19,140.71
Bandung,Electronics,2024-10,2159.87,16,134.99
Bandung,Electronics,2024-11,2092.23,16,130.76
Bandung,Electronics,2024-12,1944.11,16,121.51
Bandung,Apparel,2024-01,4002.61,35,114.36
Bandung,Apparel,2024-02,4765.52,42,113.46
Bandung,Apparel,2024-03,3860.9,32,120.65
Bandung,Apparel,2024-04,5012.41,43,116.57
Bandung,Apparel,2024-05,5643.34,46,122.68
Bandung,Apparel,2024-06,6448.86,54,119.42
Bandung,Apparel,2024-07,5071.95,44,115.27
Bandung,Apparel,2024-08,5931.4,46,128.94
Bandung,Apparel,2024-09,4758.23,36,132.17
Bandung,Apparel,2024-10,4900.19,42,116.67
Bandung,Apparel,2024-11,3780.92,32,118.15
Bandung,Apparel,2024-12,3770.65,27,139.65
Bandung,Home & Garden,2024-01,2263.4,17,133.14
Bandung,Home & Garden,2024-02,2144.75,18,119.15
Bandung,Home & Garden,2024-03,2064.34,18,114.69
Bandung,Home & Garden,2024-04,2591.15,18,143.95
Bandung,Home & Garden,2024-05,2286.68,19,120.35
Bandung,Home & Garden,2024-06,3039.82,26,116.92
Bandung,Home & Garden,2024-07,2636.75,19,138.78
Bandung,Home & Garden,2024-08,2590.95,21,123.38
Bandung,Home & Garden,2024-09,2747.2,23,119.44
Bandung,Home & Garden,2024-10,2246.68,19,118.25
Bandung,Home & Garden,2024-11,2155.52,16,134.72
Bandung,Home & Garden,2024-12,1894.79,14,135.34
Bandung,Beauty,2024-01,2739.13,20,136.96
Bandung,Beauty,2024-02,3835.19,31,123.72
Bandung,Beauty,2024-03,3913.7,29,134.96
Bandung,Beauty,2024-04,3792.92,30,126.43
Bandung,Beauty,2024-05,4611.41,36,128.09
Bandung,Beauty,2024-06,3714.73,31,119.83
Bandung,Beauty,2024-07,4460.15,37,120.54
Bandung,Beauty,2024-08,4330.81,36,120.3
Bandung,Beauty,2024-09,3928.3,33,119.04
Bandung,Beauty,2024-10,2934.28,25,117.37
Bandung,Beauty,2024-11,2760.69,23,120.03
Bandung,Beauty,2024-12,2901.43,21,138.16
Bandung,Sports,2024-01,2710.77,21,129.08
Bandung,Sports,2024-02,2566.87,21,122.23
Bandung,Sports,2024-03,2903.98,23,126.26
Bandung,Sports,2024-04,2776.99,21,132.24
Bandung,Sports,2024-05,3751.27,30,125.04
Bandung,Sports,2024-06,4032.08,30,134.4
Bandung,Sports,2024-07,3604.65,31,116.28
Bandung,Sports,2024-08,3534.61,29,121.88
Bandung,Sports,2024-09,2797.54,24,116.56
Bandung,Sports,2024-10,2719.0,22,123.59
Bandung,Sports,2024-11,2138.84,15,142.59
Bandung,Sports,2024-12,2487.41,20,124.37
Bandung,Books,2024-01,3447.16,26,132.58
Bandung,Books,2024-02,3487.26,30,116.24
Bandung,Books,2024-03,3319.97,26,127.69
Bandung,Books,2024-04,4035.75,32,126.12
Bandung,Books,2024-05,3569.78,27,132.21
Bandung,Books,2024-06,4651.13,35,132.89
Bandung,Books,2024-07,3599.65,30,119.99
Bandung,Books,2024-08,4320.54,37,116.77
Bandung,Books,2024-09,4065.26,36,112.92
Bandung,Books,2024-10,3156.48,25,126.26
Bandung,Books,2024-11,2745.57,20,137.28
Bandung,Books,2024-12,2467.29,20,123.36
Bandung,Food & Drink,2024-01,2709.36,21,129.02
Bandung,Food & Drink,2024-02,2541.62,21,121.03
Bandung,Food & Drink,2024-03,2760.29,22,125.47
Bandung,Food & Drink,2024-04,4021.06,31,129.71
Bandung,Food & Drink,2024-05,3661.01,30,122.03
Bandung,Food & Drink,2024-06,3538.81,29,122.03
Bandung,Food & Drink,2024-07,3815.19,30,127.17
Bandung,Food & Drink,2024-08,3282.39,26,126.25
Bandung,Food & Drink,2024-09,2649.76,20,132.49
Bandung,Food & Drink,2024-10,2640.19,22,120.01
Bandung,Food & Drink,2024-11,2659.32,22,120.88
Bandung,Food & Drink,2024-12,2296.05,19,120.84
Medan,Electronics,2024-01,1909.57,16,119.35
Medan,Electronics,2024-02,1719.95,14,122.85
Medan,Electronics,2024-03,2028.36,16,126.77
Medan,Electronics,2024-04,2253.85,21,107.33
Medan,Electronics,2024-05,2598.97,21,123.76
Medan,Electronics,2024-06,2382.42,19,125.39
Medan,Electronics,2024-07,2621.86,20,131.09
Medan,Electronics,2024-08,1838.75,14,131.34
Medan,Electronics,2024-09,1996.46,15,133.1
Medan,Electronics,2024-10,1865.52,15,124.37
Medan,Electronics,2024-11,1735.38,16,108.46
Medan,Electronics,2024-12,1663.21,14,118.8
Medan,Apparel,2024-01,1802.45,15,120.16
Medan,Apparel,2024-02,1810.57,15,120.7
Medan,Apparel,2024-03,1629.96,15,108.66
Medan,Apparel,2024-04,2138.89,17,125.82
Medan,Apparel,2024-05,2065.89,18,114.77
Medan,Apparel,2024-06,2056.76,17,120.99
Medan,Apparel,2024-07,2215.03,20,110.75
Medan,Apparel,2024-08,2190.96,19,115.31
Medan,Apparel,2024-09,1592.52,13,122.5
Medan,Apparel,2024-10,1615.47,13,124.27
Medan,Apparel,2024-11,1774.93,16,110.93
Medan,Apparel,2024-12,1734.39,15,115.63
Medan,Home & Garden,2024-01,1670.92,14,119.35
Medan,Home & Garden,2024-02,1628.67,14,116.33
Medan,Home & Garden,2024-03,1677.94,14,119.85
Medan,Home & Garden,2024-04,1813.29,14,129.52
Medan,Home & Garden,2024-05,2639.58,22,119.98
Medan,Home & Garden,2024-06,2324.1,20,116.2
Medan,Home & Garden,2024-07,1925.9,18,106.99
Medan,Home & Garden,2024-08,2033.06,18,112.95
Medan,Home & Garden,2024-09,2006.64,18,111.48
Medan,Home & Garden,2024-10,2030.55,16,126.91
Medan,Home & Garden,2024-11,1707.74,13,131.36
Medan,Home & Garden,2024-12,1723.21,14,123.09
Medan,Beauty,2024-01,1451.2,13,111.63
Medan,Beauty,2024-02,1491.52,12,124.29
Medan,Beauty,2024-03,1868.12,16,116.76
Medan,Beauty,2024-04,1681.84,15,112.12
Medan,Beauty,2024-05,1874.33,16,117.15
Medan,Beauty,2024-06,1994.65,17,117.33
Medan,Beauty,2024-07,1638.47,13,126.04
Medan,Beauty,2024-08,1505.51,13,115.81
Medan,Beauty,2024-09,1460.05,11,132.73
Medan,Beauty,2024-10,1409.09,12,117.42
Medan,Beauty,2024-11,1186.32,9,131.81
Medan,Beauty,2024-12,1485.65,13,114.28
Medan,Sports,2024-01,1214.34,10,121.43
Medan,Sports,2024-02,1180.63,9,131.18
Medan,Sports,2024-03,1622.03,12,135.17
Medan,Sports,2024-04,1318.94,11,119.9
Medan,Sports,2024-05,1469.77,13,113.06
Medan,Sports,2024-06,1425.42,12,118.79
Medan,Sports,2024-07,1406.36,11,127.85
Medan,Sports,2024-08,1396.74,13,107.44
Medan,Sports,2024-09,1500.03,13,115.39
Medan,Sports,2024-10,1089.5,9,121.06
Medan,Sports,2024-11,1293.65,10,129.37
Medan,Sports,2024-12,1010.45,8,126.31
Medan,Books,2024-01,1619.25,15,107.95
Medan,Books,2024-02,1306.79,12,108.9
Medan,Books,2024-03,1688.4,15,112.56
Medan,Books,2024-04,1980.76,16,123.8
Medan,Books,2024-05,1991.47,16,124.47
Medan,Books,2024-06,2077.69,17,122.22
Medan,Books,2024-07,1851.69,16,115.73
Medan,Books,2024-08,1603.15,13,123.32
Medan,Books,2024-09,1399.67,11,127.24
Medan,Books,2024-10,1674.55,14,119.61
Medan,Books,2024-11,1335.57,10,133.56
Medan,Books,2024-12,1141.83,9,126.87
Medan,Food & Drink,2024-01,2386.82,18,132.6
Medan,Food & Drink,2024-02,2723.56,23,118.42
Medan,Food & Drink,2024-03,2341.53,20,117.08
Medan,Food & Drink,2024-04,2565.92,22,116.63
Medan,Food & Drink,2024-05,3508.8,33,106.33
Medan,Food & Drink,2024-06,3521.27,31,113.59
Medan,Food & Drink,2024-07,3163.63,26,121.68
Medan,Food & Drink,2024-08,2473.34,21,117.78
Medan,Food & Drink,2024-09,2450.99,22,111.41
Medan,Food & Drink,2024-10,2728.62,23,118.64
Medan,Food & Drink,2024-11,2365.61,21,112.65
Medan,Food & Drink,2024-12,2436.3,22,110.74
Yogyakarta,Electronics,2024-01,958.93,8,119.87
Yogyakarta,Electronics,2024-02,1198.9,10,119.89
Yogyakarta,Electronics,2024-03,1500.11,13,115.39
Yogyakarta,Electronics,2024-04,1644.35,15,109.62
Yogyakarta,Electronics,2024-05,1363.58,13,104.89
Yogyakarta,Electronics,2024-06,1730.83,16,108.18
Yogyakarta,Electronics,2024-07,1324.22,11,120.38
Yogyakarta,Electronics,2024-08,1528.52,14,109.18
Yogyakarta,Electronics,2024-09,1240.36,11,112.76
Yogyakarta,Electronics,2024-10,1058.61,10,105.86
Yogyakarta,Electronics,2024-11,1021.87,10,102.19
Yogyakarta,Electronics,2024-12,1059.31,9,117.7
Yogyakarta,Apparel,2024-01,1374.3,13,105.72
Yogyakarta,Apparel,2024-02,1759.74,16,109.98
Yogyakarta,Apparel,2024-03,1952.15,18,108.45
Yogyakarta,Apparel,2024-04,1840.4,17,108.26
Yogyakarta,Apparel,2024-05,1865.83,16,116.61
Yogyakarta,Apparel,2024-06,1972.91,19,103.84
Yogyakarta,Apparel,2024-07,2221.08,22,100.96
Yogyakarta,Apparel,2024-08,2041.31,20,102.07
Yogyakarta,Apparel,2024-09,1737.15,16,108.57
Yogyakarta,Apparel,2024-10,1415.55,12,117.96
Yogyakarta,Apparel,2024-11,1441.58,13,110.89
Yogyakarta,Apparel,2024-12,1478.83,14,105.63
Yogyakarta,Home & Garden,2024-01,1338.67,11,121.7
Yogyakarta,Home & Garden,2024-02,1567.8,13,120.6
Yogyakarta,Home & Garden,2024-03,1258.72,10,125.87
Yogyakarta,Home & Garden,2024-04,1855.49,17,109.15
Yogyakarta,Home & Garden,2024-05,1438.35,12,119.86
Yogyakarta,Home & Garden,2024-06,1478.36,12,123.2
Yogyakarta,Home & Garden,2024-07,1635.04,16,102.19
Yogyakarta,Home & Garden,2024-08,1674.85,15,111.66
Yogyakarta,Home & Garden,2024-09,1588.44,15,105.9
Yogyakarta,Home & Garden,2024-10,1558.68,15,103.91
Yogyakarta,Home & Garden,2024-11,1308.84,12,109.07
Yogyakarta,Home & Garden,2024-12,1080.35,10,108.03
Yogyakarta,Beauty,2024-01,1382.23,12,115.19
Yogyakarta,Beauty,2024-02,1117.64,10,111.76
Yogyakarta,Beauty,2024-03,1484.4,13,114.18
Yogyakarta,Beauty,2024-04,1417.41,12,118.12
Yogyakarta,Beauty,2024-05,1545.94,13,118.92
Yogyakarta,Beauty,2024-06,1526.9,15,101.79
Yogyakarta,Beauty,2024-07,1877.86,17,110.46
Yogyakarta,Beauty,2024-08,1548.11,14,110.58
Yogyakarta,Beauty,2024-09,1485.43,14,106.1
Yogyakarta,Beauty,2024-10,1134.57,9,126.06
Yogyakarta,Beauty,2024-11,1149.25,11,104.48
Yogyakarta,Beauty,2024-12,1391.15,12,115.93
Yogyakarta,Sports,2024-01,1162.97,10,116.3
Yogyakarta,Sports,2024-02,1115.67,9,123.96
Yogyakarta,Sports,2024-03,1363.47,12,113.62
Yogyakarta,Sports,2024-04,1176.38,10,117.64
Yogyakarta,Sports,2024-05,1171.5,10,117.15
Yogyakarta,Sports,2024-06,1290.14,13,99.24
Yogyakarta,Sports,2024-07,1513.72,15,100.91
Yogyakarta,Sports,2024-08,1461.34,14,104.38
Yogyakarta,Sports,2024-09,1212.64,11,110.24
Yogyakarta,Sports,2024-10,1254.81,11,114.07
Yogyakarta,Sports,2024-11,1093.6,10,109.36
Yogyakarta,Sports,2024-12,1129.03,10,112.9
Yogyakarta,Books,2024-01,1965.27,18,109.18
Yogyakarta,Books,2024-02,1783.39,15,118.89
Yogyakarta,Books,2024-03,1993.95,19,104.94
Yogyakarta,Books,2024-04,3032.11,29,104.56
Yogyakarta,Books,2024-05,2464.34,22,112.02
Yogyakarta,Books,2024-06,3243.59,30,108.12
Yogyakarta,Books,2024-07,2247.94,22,102.18
Yogyakarta,Books,2024-08,2340.86,20,117.04
Yogyakarta,Books,2024-09,2509.27,25,100.37
Yogyakarta,Books,2024-10,1821.05,18,101.17
Yogyakarta,Books,2024-11,1976.64,17,116.27
Yogyakarta,Books,2024-12,2211.41,19,116.39
Yogyakarta,Food & Drink,2024-01,1735.75,16,108.48
Yogyakarta,Food & Drink,2024-02,1849.65,17,108.8
Yogyakarta,Food & Drink,2024-03,1579.7,15,105.31
Yogyakarta,Food & Drink,2024-04,2189.67,19,115.25
Yogyakarta,Food & Drink,2024-05,1828.23,16,114.26
Yogyakarta,Food & Drink,2024-06,2179.25,19,114.7
Yogyakarta,Food & Drink,2024-07,1757.42,17,103.38
Yogyakarta,Food & Drink,2024-08,2052.8,19,108.04
Yogyakarta,Food & Drink,2024-09,1843.78,18,102.43
Yogyakarta,Food & Drink,2024-10,1635.86,13,125.84
Yogyakarta,Food & Drink,2024-11,1485.57,14,106.11
Yogyakarta,Food & Drink,2024-12,1448.38,14,103.46
Semarang,Electronics,2024-01,1369.4,12,114.12
Semarang,Electronics,2024-02,1287.4,11,117.04
Semarang,Electronics,2024-03,1632.01,13,125.54
Semarang,Electronics,2024-04,1392.39,11,126.58
Semarang,Electronics,2024-05,1377.35,12,114.78
Semarang,Electronics,2024-06,1661.85,14,118.7
Semarang,Electronics,2024-07,1642.16,13,126.32
Semarang,Electronics,2024-08,1650.96,12,137.58
Semarang,Electronics,2024-09,1662.92,14,118.78
Semarang,Electronics,2024-10,1273.11,11,115.74
Semarang,Electronics,2024-11,987.59,7,141.08
Semarang,Electronics,2024-12,1197.88,9,133.1
Semarang,Apparel,2024-01,1246.81,9,138.53
Semarang,Apparel,2024-02,1314.26,10,131.43
Semarang,Apparel,2024-03,1404.79,12,117.07
Semarang,Apparel,2024-04,1472.5,12,122.71
Semarang,Apparel,2024-05,1469.72,12,122.48
Semarang,Apparel,2024-06,1597.93,14,114.14
Semarang,Apparel,2024-07,1510.53,11,137.32
Semarang,Apparel,2024-08,1341.73,11,121.98
Semarang,Apparel,2024-09,1280.73,9,142.3
Semarang,Apparel,2024-10,1184.71,9,131.63
Semarang,Apparel,2024-11,1168.92,9,129.88
Semarang,Apparel,2024-12,1015.53,9,112.84
Semarang,Home & Garden,2024-01,1256.4,11,114.22
Semarang,Home & Garden,2024-02,1369.56,11,124.51
Semarang,Home & Garden,2024-03,2007.19,17,118.07
Semarang,Home & Garden,2024-04,1867.98,16,116.75
Semarang,Home & Garden,2024-05,2171.07,17,127.71
Semarang,Home & Garden,2024-06,2054.87,17,120.87
Semarang,Home & Garden,2024-07,1896.82,16,118.55
Semarang,Home & Garden,2024-08,1562.55,13,120.2
Semarang,Home & Garden,2024-09,1688.93,14,120.64
Semarang,Home & Garden,2024-10,1522.03,12,126.84
Semarang,Home & Garden,2024-11,1365.83,11,124.17
Semarang,Home & Garden,2024-12,1613.86,12,134.49
Semarang,Beauty,2024-01,891.94,6,148.66
Semarang,Beauty,2024-02,1316.26,12,109.69
Semarang,Beauty,2024-03,1139.04,9,126.56
Semarang,Beauty,2024-04,1467.22,11,133.38
Semarang,Beauty,2024-05,1625.63,13,125.05
Semarang,Beauty,2024-06,1601.42,13,123.19
Semarang,Beauty,2024-07,1602.36,14,114.45
Semarang,Beauty,2024-08,1332.84,10,133.28
Semarang,Beauty,2024-09,1338.06,10,133.81
Semarang,Beauty,2024-10,1023.39,9,113.71
Semarang,Beauty,2024-11,1015.22,8,126.9
Semarang,Beauty,2024-12,1074.55,9,119.39
Semarang,Sports,2024-01,911.94,7,130.28
Semarang,Sports,2024-02,1048.77,8,131.1
Semarang,Sports,2024-03,1181.53,9,131.28
Semarang,Sports,2024-04,1464.97,11,133.18
Semarang,Sports,2024-05,1447.33,12,120.61
Semarang,Sports,2024-06,1433.18,12,119.43
Semarang,Sports,2024-07,1724.09,14,123.15
Semarang,Sports,2024-08,1234.0,9,137.11
Semarang,Sports,2024-09,1382.24,11,125.66
Semarang,Sports,2024-10,1346.84,11,122.44
Semarang,Sports,2024-11,915.32,7,130.76
Semarang,Sports,2024-12,897.83,6,149.64
Semarang,Books,2024-01,1361.51,11,123.77
Semarang,Books,2024-02,1071.44,8,133.93
Semarang,Books,2024-03,1554.84,11,141.35
Semarang,Books,2024-04,1414.87,11,128.62
Semarang,Books,2024-05,1732.15,15,115.48
Semarang,Books,2024-06,1559.98,12,130.0
Semarang,Books,2024-07,1513.22,12,126.1
Semarang,Books,2024-08,1341.8,11,121.98
Semarang,Books,2024-09,1178.53,10,117.85
Semarang,Books,2024-10,1459.25,11,132.66
Semarang,Books,2024-11,1187.88,10,118.79
Semarang,Books,2024-12,1180.94,9,131.22
Semarang,Food & Drink,2024-01,1526.68,13,117.44
Semarang,Food & Drink,2024-02,1798.65,14,128.47
Semarang,Food & Drink,2024-03,1910.08,16,119.38
Semarang,Food & Drink,2024-04,2109.7,17,124.1
Semarang,Food & Drink,2024-05,2150.92,18,119.5
Semarang,Food & Drink,2024-06,2028.2,16,126.76
Semarang,Food & Drink,2024-07,2163.36,19,113.86
Semarang,Food & Drink,2024-08,1969.23,16,123.08
Semarang,Food & Drink,2024-09,1685.7,13,129.67
Semarang,Food & Drink,2024-10,1376.99,12,114.75
Semarang,Food & Drink,2024-11,1752.72,14,125.19
Semarang,Food & Drink,2024-12,1496.33,11,136.03
Makassar,Electronics,2024-01,935.15,9,103.91
Makassar,Electronics,2024-02,867.93,7,123.99
Makassar,Electronics,2024-03,937.63,8,117.2
Makassar,Electronics,2024-04,946.84,7,135.26
Makassar,Electronics,2024-05,1061.06,9,117.9
Makassar,Electronics,2024-06,1159.56,10,115.96
Makassar,Electronics,2024-07,976.88,9,108.54
Makassar,Electronics,2024-08,1006.65,8,125.83
Makassar,Electronics,2024-09,879.65,7,125.66
Makassar,Electronics,2024-10,793.11,7,113.3
Makassar,Electronics,2024-11,931.61,8,116.45
Makassar,Electronics,2024-12,841.02,7,120.15
Makassar,Apparel,2024-01,882.79,8,110.35
Makassar,Apparel,2024-02,847.72,8,105.97
Makassar,Apparel,2024-03,851.76,7,121.68
Makassar,Apparel,2024-04,1099.93,10,109.99
Makassar,Apparel,2024-05,1020.44,9,113.38
Makassar,Apparel,2024-06,1007.27,8,125.91
Makassar,Apparel,2024-07,931.4,8,116.42
Makassar,Apparel,2024-08,929.75,7,132.82
Makassar,Apparel,2024-09,881.81,8,110.23
Makassar,Apparel,2024-10,946.71,8,118.34
Makassar,Apparel,2024-11,709.71,6,118.29
Makassar,Apparel,2024-12,743.73,6,123.95
Makassar,Home & Garden,2024-01,735.8,7,105.11
Makassar,Home & Garden,2024-02,706.68,6,117.78
Makassar,Home & Garden,2024-03,738.77,7,105.54
Makassar,Home & Garden,2024-04,997.13,8,124.64
Makassar,Home & Garden,2024-05,999.77,8,124.97
Makassar,Home & Garden,2024-06,918.51,7,131.22
Makassar,Home & Garden,2024-07,1021.34,9,113.48
Makassar,Home & Garden,2024-08,959.03,8,119.88
Makassar,Home & Garden,2024-09,862.81,7,123.26
Makassar,Home & Garden,2024-10,785.95,7,112.28
Makassar,Home & Garden,2024-11,721.02,5,144.2
Makassar,Home & Garden,2024-12,636.13,6,106.02
Makassar,Beauty,2024-01,669.25,6,111.54
Makassar,Beauty,2024-02,709.04,6,118.17
Makassar,Beauty,2024-03,733.63,6,122.27
Makassar,Beauty,2024-04,897.56,7,128.22
Makassar,Beauty,2024-05,1052.74,9,116.97
Makassar,Beauty,2024-06,846.03,7,120.86
Makassar,Beauty,2024-07,810.87,7,115.84
Makassar,Beauty,2024-08,969.96,8,121.25
Makassar,Beauty,2024-09,677.21,6,112.87
Makassar,Beauty,2024-10,670.8,5,134.16
Makassar,Beauty,2024-11,610.66,5,122.13
Makassar,Beauty,2024-12,712.39,5,142.48
Makassar,Sports,2024-01,616.32,5,123.26
Makassar,Sports,2024-02,788.52,7,112.65
Makassar,Sports,2024-03,833.81,6,138.97
Makassar,Sports,2024-04,835.54,6,139.26
Makassar,Sports,2024-05,1053.74,10,105.37
Makassar,Sports,2024-06,1216.23,11,110.57
Makassar,Sports,2024-07,850.42,7,121.49
Makassar,Sports,2024-08,1022.04,9,113.56
Makassar,Sports,2024-09,756.52,6,126.09
Makassar,Sports,2024-10,933.56,8,116.69
Makassar,Sports,2024-11,806.2,7,115.17
Makassar,Sports,2024-12,701.1,5,140.22
Makassar,Books,2024-01,630.62,5,126.12
Makassar,Books,2024-02,552.79,5,110.56
Makassar,Books,2024-03,695.73,6,115.95
Makassar,Books,2024-04,706.04,6,117.67
Makassar,Books,2024-05,718.17,6,119.69
Makassar,Books,2024-06,780.06,7,111.44
Makassar,Books,2024-07,743.07,7,106.15
Makassar,Books,2024-08,876.13,8,109.52
Makassar,Books,2024-09,590.87,4,147.72
Makassar,Books,2024-10,589.66,5,117.93
Makassar,Books,2024-11,562.15,4,140.54
Makassar,Books,2024-12,602.03,5,120.41
Makassar,Food & Drink,2024-01,916.23,7,130.89
Makassar,Food & Drink,2024-02,1256.92,12,104.74
Makassar,Food & Drink,2024-03,1108.9,10,110.89
Makassar,Food & Drink,2024-04,1410.19,12,117.52
Makassar,Food & Drink,2024-05,1357.5,12,113.12
Makassar,Food & Drink,2024-06,1443.05,13,111.0
Makassar,Food & Drink,2024-07,1472.38,12,122.7
Makassar,Food & Drink,2024-08,1401.84,11,127.44
Makassar,Food & Drink,2024-09,1234.22,10,123.42
Makassar,Food & Drink,2024-10,1248.25,10,124.83
Makassar,Food & Drink,2024-11,1172.12,9,130.24
Makassar,Food & Drink,2024-12,998.39,8,124.8
Palembang,Electronics,2024-01,480.83,4,120.21
Palembang,Electronics,2024-02,534.18,5,106.84
Palembang,Electronics,2024-03,595.68,5,119.14
Palembang,Electronics,2024-04,576.29,5,115.26
Palembang,Electronics,2024-05,542.83,5,108.57
Palembang,Electronics,2024-06,586.68,5,117.34
Palembang,Electronics,2024-07,732.1,6,122.02
Palembang,Electronics,2024-08,671.02,5,134.2
Palembang,Electronics,2024-09,567.03,5,113.41
Palembang,Electronics,2024-10,490.15,4,122.54
Palembang,Electronics,2024-11,504.03,5,100.81
Palembang,Electronics,2024-12,417.05,3,139.02
Palembang,Apparel,2024-01,484.41,4,121.1
Palembang,Apparel,2024-02,716.64,7,102.38
Palembang,Apparel,2024-03,580.4,5,116.08
Palembang,Apparel,2024-04,748.39,6,124.73
Palembang,Apparel,2024-05,792.08,7,113.15
Palembang,Apparel,2024-06,837.19,7,119.6
Palembang,Apparel,2024-07,855.07,8,106.88
Palembang,Apparel,2024-08,634.87,6,105.81
Palembang,Apparel,2024-09,644.15,6,107.36
Palembang,Apparel,2024-10,654.51,6,109.08
Palembang,Apparel,2024-11,504.3,4,126.08
Palembang,Apparel,2024-12,536.94,4,134.24
Palembang,Home & Garden,2024-01,456.83,4,114.21
Palembang,Home & Garden,2024-02,550.08,5,110.02
Palembang,Home & Garden,2024-03,576.08,6,96.01
Palembang,Home & Garden,2024-04,630.22,5,126.04
Palembang,Home & Garden,2024-05,781.19,7,111.6
Palembang,Home & Garden,2024-06,787.44,7,112.49
Palembang,Home & Garden,2024-07,729.56,6,121.59
Palembang,Home & Garden,2024-08,737.03,7,105.29
Palembang,Home & Garden,2024-09,562.51,5,112.5
Palembang,Home & Garden,2024-10,550.99,5,110.2
Palembang,Home & Garden,2024-11,563.38,5,112.68
Palembang,Home & Garden,2024-12,523.5,5,104.7
Palembang,Beauty,2024-01,552.13,5,110.43
Palembang,Beauty,2024-02,469.11,4,117.28
Palembang,Beauty,2024-03,626.56,5,125.31
Palembang,Beauty,2024-04,675.58,6,112.6
Palembang,Beauty,2024-05,590.23,5,118.05
Palembang,Beauty,2024-06,668.69,6,111.45
Palembang,Beauty,2024-07,562.21,4,140.55
Palembang,Beauty,2024-08,573.96,5,114.79
Palembang,Beauty,2024-09,528.85,5,105.77
Palembang,Beauty,2024-10,456.86,4,114.22
Palembang,Beauty,2024-11,399.97,3,133.32
Palembang,Beauty,2024-12,523.97,5,104.79
Palembang,Sports,2024-01,506.58,5,101.32
Palembang,Sports,2024-02,445.92,4,111.48
Palembang,Sports,2024-03,593.34,5,118.67
Palembang,Sports,2024-04,694.27,6,115.71
Palembang,Sports,2024-05,595.88,5,119.18
Palembang,Sports,2024-06,673.4,5,134.68
Palembang,Sports,2024-07,539.37,5,107.87
Palembang,Sports,2024-08,572.27,5,114.45
Palembang,Sports,2024-09,538.74,5,107.75
Palembang,Sports,2024-10,572.73,5,114.55
Palembang,Sports,2024-11,494.63,4,123.66
Palembang,Sports,2024-12,375.34,3,125.11
Palembang,Books,2024-01,449.01,4,112.25
Palembang,Books,2024-02,421.95,4,105.49
Palembang,Books,2024-03,485.36,4,121.34
Palembang,Books,2024-04,544.56,4,136.14
Palembang,Books,2024-05,695.53,6,115.92
Palembang,Books,2024-06,642.57,6,107.1
Palembang,Books,2024-07,643.1,5,128.62
Palembang,Books,2024-08,559.6,5,111.92
Palembang,Books,2024-09,481.88,4,120.47
Palembang,Books,2024-10,518.44,4,129.61
Palembang,Books,2024-11,451.83,3,150.61
Palembang,Books,2024-12,455.75,4,113.94
Palembang,Food & Drink,2024-01,587.11,5,117.42
Palembang,Food & Drink,2024-02,745.66,7,106.52
Palembang,Food & Drink,2024-03,846.26,7,120.89
Palembang,Food & Drink,2024-04,911.01,9,101.22
Palembang,Food & Drink,2024-05,842.63,7,120.38
Palembang,Food & Drink,2024-06,1041.02,9,115.67
Palembang,Food & Drink,2024-07,1068.95,9,118.77
Palembang,Food & Drink,2024-08,928.56,8,116.07
Palembang,Food & Drink,2024-09,758.47,7,108.35
Palembang,Food & Drink,2024-10,754.75,6,125.79
Palembang,Food & Drink,2024-11,629.64,6,104.94
Palembang,Food & Drink,2024-12,685.4,7,97.91
Depok,Electronics,2024-01,911.81,5,182.36
Depok,Electronics,2024-02,839.38,6,139.9
Depok,Electronics,2024-03,983.88,6,163.98
Depok,Electronics,2024-04,1313.99,9,146.0
Depok,Electronics,2024-05,1097.17,6,182.86
Depok,Electronics,2024-06,1512.09,11,137.46
Depok,Electronics,2024-07,1444.38,10,144.44
Depok,Electronics,2024-08,991.93,7,141.7
Depok,Electronics,2024-09,948.77,6,158.13
Depok,Electronics,2024-10,831.39,5,166.28
Depok,Electronics,2024-11,943.92,6,157.32
Depok,Electronics,2024-12,912.15,6,152.03
Depok,Apparel,2024-01,783.11,5,156.62
Depok,Apparel,2024-02,739.75,5,147.95
Depok,Apparel,2024-03,771.59,5,154.32
Depok,Apparel,2024-04,1077.33,6,179.55
Depok,Apparel,2024-05,950.88,6,158.48
Depok,Apparel,2024-06,1216.11,8,152.01
Depok,Apparel,2024-07,905.35,6,150.89
Depok,Apparel,2024-08,837.35,5,167.47
Depok,Apparel,2024-09,856.58,6,142.76
Depok,Apparel,2024-10,898.38,6,149.73
Depok,Apparel,2024-11,651.51,4,162.88
Depok,Apparel,2024-12,806.58,5,161.32
Depok,Home & Garden,2024-01,754.08,5,150.82
Depok,Home & Garden,2024-02,726.98,4,181.75
Depok,Home & Garden,2024-03,1056.68,7,150.95
Depok,Home & Garden,2024-04,902.58,6,150.43
Depok,Home & Garden,2024-05,1062.62,8,132.83
Depok,Home & Garden,2024-06,911.71,6,151.95
Depok,Home & Garden,2024-07,1090.36,7,155.77
Depok,Home & Garden,2024-08,978.39,6,163.06
Depok,Home & Garden,2024-09,881.94,5,176.39
Depok,Home & Garden,2024-10,887.71,5,177.54
Depok,Home & Garden,2024-11,923.58,6,153.93
Depok,Home & Garden,2024-12,851.35,6,141.89
Depok,Beauty,2024-01,976.73,7,139.53
Depok,Beauty,2024-02,1031.67,6,171.95
Depok,Beauty,2024-03,1038.43,6,173.07
Depok,Beauty,2024-04,970.76,7,138.68
Depok,Beauty,2024-05,1243.52,7,177.65
Depok,Beauty,2024-06,1150.62,8,143.83
Depok,Beauty,2024-07,1224.67,8,153.08
Depok,Beauty,2024-08,1001.02,6,166.84
Depok,Beauty,2024-09,890.99,6,148.5
Depok,Beauty,2024-10,1063.32,7,151.9
Depok,Beauty,2024-11,872.62,5,174.52
Depok,Beauty,2024-12,726.35,5,145.27
Depok,Sports,2024-01,714.31,5,142.86
Depok,Sports,2024-02,647.19,4,161.8
Depok,Sports,2024-03,770.26,4,192.56
Depok,Sports,2024-04,981.0,7,140.14
Depok,Sports,2024-05,770.0,5,154.0
Depok,Sports,2024-06,1036.5,6,172.75
Depok,Sports,2024-07,900.99,6,150.16
Depok,Sports,2024-08,718.09,4,179.52
Depok,Sports,2024-09,868.09,6,144.68
Depok,Sports,2024-10,761.39,5,152.28
Depok,Sports,2024-11,624.71,4,156.18
Depok,Sports,2024-12,613.4,4,153.35
Depok,Books,2024-01,736.13,5,147.23
Depok,Books,2024-02,638.39,4,159.6
Depok,Books,2024-03,655.6,4,163.9
Depok,Books,2024-04,911.1,6,151.85
Depok,Books,2024-05,808.68,5,161.74
Depok,Books,2024-06,813.88,5,162.78
Depok,Books,2024-07,942.31,6,157.05
Depok,Books,2024-08,888.83,6,148.14
Depok,Books,2024-09,764.35,5,152.87
Depok,Books,2024-10,748.03,5,149.61
Depok,Books,2024-11,726.38,5,145.28
Depok,Books,2024-12,544.52,3,181.51
Depok,Food & Drink,2024-01,595.67,4,148.92
Depok,Food & Drink,2024-02,637.38,4,159.34
Depok,Food & Drink,2024-03,822.01,6,137.0
Depok,Food & Drink,2024-04,1087.52,7,155.36
Depok,Food & Drink,2024-05,827.65,6,137.94
Depok,Food & Drink,2024-06,1176.37,8,147.05
Depok,Food & Drink,2024-07,977.3,6,162.88
Depok,Food & Drink,2024-08,910.81,6,151.8
Depok,Food & Drink,2024-09,819.51,5,163.9
Depok,Food & Drink,2024-10,837.62,5,167.52
Depok,Food & Drink,2024-11,668.05,4,167.01
Depok,Food & Drink,2024-12,756.57,5,151.31
